model,dialect,accuracy,macro_f1,micro_f1,weighted_f1,macro_precision,macro_recall,true_positives,false_positives,false_negatives,total_tokens,total_sentences
Claude 3.5 Haiku,Nepali,0.9090236686390533,0.7513256607016291,0.9090236686390533,0.9112451871032884,0.7585825907969311,0.8088067158381335,2458,246,246,2704,294
Claude 3.5 Haiku,Achhami,0.9036929761042722,0.7222221887056562,0.9036929761042722,0.9065529125901597,0.7200962423014373,0.7354079207835132,2496,266,266,2762,295
GPT-4o Mini,Nepali,0.8480029585798816,0.7714311553388276,0.8480029585798816,0.8503983337436383,0.796037709968988,0.787660879845638,2293,411,411,2704,294
GPT-4o Mini,Achhami,0.8743664011585808,0.7012025287876736,0.8743664011585808,0.8734170246998594,0.7006201881599485,0.7114733759386335,2415,347,347,2762,295
Llama 3.1 70B,Nepali,0.8184171597633136,0.5704438772074616,0.8184171597633136,0.8267057096739583,0.5814689711924839,0.6363438257283575,2213,491,491,2704,294
Llama 3.1 70B,Achhami,0.7664735698769009,0.5175807230404482,0.7664735698769009,0.7794191704793425,0.5517180531856772,0.5139372581338074,2117,645,645,2762,295
